type,title,category_name,subcategory_name,current_price,previous_price,stock,sku,thumbnail,slider_images,variants,file_type,download_link,status,summary,description,meta_keywords,meta_description
physical,ckj,"Fresh Meat",,200.00,189.00,20,7230044,https://launchshop.nooryak.in/assets/front/img/user/items/thumbnail/22697ca1cc8a373a0284ff068a5cbed8b7805d1f.,"https://launchshop.nooryak.in/assets/front/img/user/items/slider-images/a0e793a6093c819bda9f2d999530bc797dd4cc58.png,https://launchshop.nooryak.in/assets/front/img/user/items/slider-images/303974fc656bc4f9191db5e0fca4285f9e276310.png,https://launchshop.nooryak.in/assets/front/img/user/items/slider-images/993ce9ee150e0efbed61f71191bf3fc67cc8b162.png,https://launchshop.nooryak.in/assets/front/img/user/items/slider-images/f8224b8b21932164b0f67e80820c974ccd5c0142.png",,,,1,sdafdsaf,sfasdf,,
physical,Fdd,Fruits,,99.00,104.00,20,3562869,https://launchshop.nooryak.in/assets/front/img/user/items/thumbnail/645a443e499d9dfa6ef6cf80196f853720badd91.,"https://launchshop.nooryak.in/assets/front/img/user/items/slider-images/a35e4b2702f84784d71bef78dbe6c3ce925af0b5.jpg,https://launchshop.nooryak.in/assets/front/img/user/items/slider-images/18a7deb82ae1b08e0d2b034c2d95e72ec5742d72.jpg,https://launchshop.nooryak.in/assets/front/img/user/items/slider-images/592dfadaf3e52376da36b0bbdde975c4f71cd4dc.jpg",,,,1,Ccc,Vgt,,
physical,,,,12.99,14.49,50,ORG-OLI-021,https://launchshop.nooryak.in/assets/front/img/user/items/thumbnail/6abcbfab2117c.webp,https://launchshop.nooryak.in/assets/front/img/user/items/slider-images/6abcbfab22113.jpg,,,,1,,,,
physical,"Fresh Grapes",Fruits,"Fresh Fruits",4.29,4.79,80,FRE-GRA-020,https://launchshop.nooryak.in/assets/front/img/user/items/thumbnail/6abcbfab1c453.webp,"https://launchshop.nooryak.in/assets/front/img/user/items/slider-images/6abcbfab1d5ca.jpg,https://launchshop.nooryak.in/assets/front/img/user/items/slider-images/6abcbfab1d7c1.jpg","Pack:500g=4.29:25 | Pack:1kg=7.94:26 | Pack:2kg=15.02:28",,,1,"Sweet and crisp grapes, convenient for snacks, desserts, and fruit bowls.","Sweet and crisp grapes, convenient for snacks, desserts, and fruit bowls. Carefully selected for freshness and quality, making it a convenient choice for everyday grocery shopping.","grapes, fresh fruit, grocery","Buy fresh grapes online with fresh grocery delivery and convenient pack-size variants."
physical,"Fresh Orange",Fruits,"Citrus Fruits",3.29,3.79,95,FRE-ORA-018,https://launchshop.nooryak.in/assets/front/img/user/items/thumbnail/6abcbfab17704.webp,"https://launchshop.nooryak.in/assets/front/img/user/items/slider-images/6abcbfab185d0.jpg,https://launchshop.nooryak.in/assets/front/img/user/items/slider-images/6abcbfab18873.jpg,https://launchshop.nooryak.in/assets/front/img/user/items/slider-images/6abcbfab18a41.jpg","Pack:500g=3.29:31 | Pack:1kg=6.09:31 | Pack:2kg=11.52:33",,,1,"Juicy fresh oranges with a bright citrus flavor, ideal for snacking and juice.","Juicy fresh oranges with a bright citrus flavor, ideal for snacking and juice. Carefully selected for freshness and quality, making it a convenient choice for everyday grocery shopping.","orange, citrus fruit, fresh grocery","Buy fresh orange online with fresh grocery delivery and convenient pack-size variants."
physical,"Fresh Apple",Fruits,"Fresh Fruits",3.49,3.99,100,FRE-APP-017,https://launchshop.nooryak.in/assets/front/img/user/items/thumbnail/6abcbfab12766.webp,"https://launchshop.nooryak.in/assets/front/img/user/items/slider-images/6abcbfab136ea.jpg,https://launchshop.nooryak.in/assets/front/img/user/items/slider-images/6abcbfab13a82.jpg,https://launchshop.nooryak.in/assets/front/img/user/items/slider-images/6abcbfab13ca5.jpg","Pack:500g=3.49:33 | Pack:1kg=6.46:33 | Pack:2kg=12.21:34",,,1,"Crisp and juicy apples for snacking, lunch boxes, desserts, and salads.","Crisp and juicy apples for snacking, lunch boxes, desserts, and salads. Carefully selected for freshness and quality, making it a convenient choice for everyday grocery shopping.","apple, fresh fruit, grocery","Buy fresh apple online with fresh grocery delivery and convenient pack-size variants."
physical,"Fresh Banana",Fruits,"Tropical Fruits",1.59,1.89,150,FRE-BAN-016,https://launchshop.nooryak.in/assets/front/img/user/items/thumbnail/6abcbfab0d8db.webp,"https://launchshop.nooryak.in/assets/front/img/user/items/slider-images/6abcbfab0e8ad.jpg,https://launchshop.nooryak.in/assets/front/img/user/items/slider-images/6abcbfab0eb59.jpg,https://launchshop.nooryak.in/assets/front/img/user/items/slider-images/6abcbfab0ed37.jpg","Pack:500g=1.59:49 | Pack:1kg=2.94:50 | Pack:2kg=5.57:50",,,1,"Naturally sweet bananas for breakfast, smoothies, snacks, and desserts.","Naturally sweet bananas for breakfast, smoothies, snacks, and desserts. Carefully selected for freshness and quality, making it a convenient choice for everyday grocery shopping.","banana, fresh fruit, tropical fruit","Buy fresh banana online with fresh grocery delivery and convenient pack-size variants."
physical,"Organic Lemon",Fruits,"Citrus Fruits",2.99,3.49,100,ORG-LEM-015,https://launchshop.nooryak.in/assets/front/img/user/items/thumbnail/6abcbfab07bcb.webp,"https://launchshop.nooryak.in/assets/front/img/user/items/slider-images/6abcbfab08b5d.jpg,https://launchshop.nooryak.in/assets/front/img/user/items/slider-images/6abcbfab08e3d.jpg,https://launchshop.nooryak.in/assets/front/img/user/items/slider-images/6abcbfab0903b.jpg","Pack:500g=2.99:33 | Pack:1kg=5.53:33 | Pack:2kg=10.46:34",,,1,"Juicy organic lemons for drinks, dressings, marinades, and everyday cooking.","Juicy organic lemons for drinks, dressings, marinades, and everyday cooking. Carefully selected for freshness and quality, making it a convenient choice for everyday grocery shopping.","organic lemon, citrus fruit, fresh fruit","Buy organic lemon online with fresh grocery delivery and convenient pack-size variants."
physical,"Fresh Beetroot",Vegetables,"Root Vegetables",2.19,2.59,70,FRE-BEE-014,https://launchshop.nooryak.in/assets/front/img/user/items/thumbnail/6abcbfab0274e.webp,"https://launchshop.nooryak.in/assets/front/img/user/items/slider-images/6abcbfab03702.jpg,https://launchshop.nooryak.in/assets/front/img/user/items/slider-images/6abcbfab03a86.jpg,https://launchshop.nooryak.in/assets/front/img/user/items/slider-images/6abcbfab03d12.jpg","Pack:500g=2.19:23 | Pack:1kg=4.05:23 | Pack:2kg=7.67:24",,,1,"Fresh beetroot with deep color and earthy flavor for salads, juices, and cooking.","Fresh beetroot with deep color and earthy flavor for salads, juices, and cooking. Carefully selected for freshness and quality, making it a convenient choice for everyday grocery shopping.","beetroot, root vegetables, fresh produce","Buy fresh beetroot online with fresh grocery delivery and convenient pack-size variants."
physical,"Organic Ginger",Vegetables,"Root Vegetables",3.99,4.49,55,ORG-GIN-013,https://launchshop.nooryak.in/assets/front/img/user/items/thumbnail/6abcbfaaf171c.webp,"https://launchshop.nooryak.in/assets/front/img/user/items/slider-images/6abcbfaaf2680.jpg,https://launchshop.nooryak.in/assets/front/img/user/items/slider-images/6abcbfaaf292c.jpg,https://launchshop.nooryak.in/assets/front/img/user/items/slider-images/6abcbfaaf2b75.jpg","Pack:500g=3.99:18 | Pack:1kg=7.38:18 | Pack:2kg=13.96:19",,,1,"Fresh organic ginger with a warm aroma for tea, curries, sauces, and marinades.","Fresh organic ginger with a warm aroma for tea, curries, sauces, and marinades. Carefully selected for freshness and quality, making it a convenient choice for everyday grocery shopping.","organic ginger, ginger, vegetables, grocery","Buy organic ginger online with fresh grocery delivery and convenient pack-size variants."
physical,"Sweet Corn",Vegetables,"Fresh Vegetables",2.39,2.79,60,SWE-COR-012,https://launchshop.nooryak.in/assets/front/img/user/items/thumbnail/6abcbfaaec2c1.webp,"https://launchshop.nooryak.in/assets/front/img/user/items/slider-images/6abcbfaaed3b2.jpg,https://launchshop.nooryak.in/assets/front/img/user/items/slider-images/6abcbfaaed6c7.jpg,https://launchshop.nooryak.in/assets/front/img/user/items/slider-images/6abcbfaaed8cf.jpg","Pack:500g=2.39:20 | Pack:1kg=4.42:20 | Pack:2kg=8.37:20",,,1,"Sweet and juicy corn suitable for boiling, grilling, salads, and snacks.","Sweet and juicy corn suitable for boiling, grilling, salads, and snacks. Carefully selected for freshness and quality, making it a convenient choice for everyday grocery shopping.","sweet corn, vegetables, fresh produce","Buy sweet corn online with fresh grocery delivery and convenient pack-size variants."
physical,"Fresh Garlic",Vegetables,"Root Vegetables",3.29,3.69,95,FRE-GAR-011,https://launchshop.nooryak.in/assets/front/img/user/items/thumbnail/6abcbfaae6c71.webp,"https://launchshop.nooryak.in/assets/front/img/user/items/slider-images/6abcbfaae7c94.jpg,https://launchshop.nooryak.in/assets/front/img/user/items/slider-images/6abcbfaae800e.jpg,https://launchshop.nooryak.in/assets/front/img/user/items/slider-images/6abcbfaae823a.jpg","Pack:500g=3.29:31 | Pack:1kg=6.09:31 | Pack:2kg=11.52:33",,,1,"Aromatic fresh garlic bulbs for seasoning, sauces, marinades, and daily cooking.","Aromatic fresh garlic bulbs for seasoning, sauces, marinades, and daily cooking. Carefully selected for freshness and quality, making it a convenient choice for everyday grocery shopping.","garlic, vegetables, cooking essentials","Buy fresh garlic online with fresh grocery delivery and convenient pack-size variants."
physical,"Fresh Onion",Vegetables,"Root Vegetables",1.49,1.79,140,FRE-ONI-010,https://launchshop.nooryak.in/assets/front/img/user/items/thumbnail/6abcbfaae07d8.webp,"https://launchshop.nooryak.in/assets/front/img/user/items/slider-images/6abcbfaae174b.jpg,https://launchshop.nooryak.in/assets/front/img/user/items/slider-images/6abcbfaae1a7e.jpg,https://launchshop.nooryak.in/assets/front/img/user/items/slider-images/6abcbfaae1ca2.jpg","Pack:500g=1.49:46 | Pack:1kg=2.76:46 | Pack:2kg=5.21:48",,,1,"Fresh onions with balanced flavor for curries, soups, salads, and sauces.","Fresh onions with balanced flavor for curries, soups, salads, and sauces. Carefully selected for freshness and quality, making it a convenient choice for everyday grocery shopping.","onion, fresh vegetables, cooking essentials","Buy fresh onion online with fresh grocery delivery and convenient pack-size variants."
physical,"Green Beans",Vegetables,"Fresh Vegetables",2.79,3.19,85,GRE-BEA-009,https://launchshop.nooryak.in/assets/front/img/user/items/thumbnail/6abcbfaadaba8.webp,"https://launchshop.nooryak.in/assets/front/img/user/items/slider-images/6abcbfaadc237.jpg,https://launchshop.nooryak.in/assets/front/img/user/items/slider-images/6abcbfaadc60a.jpg,https://launchshop.nooryak.in/assets/front/img/user/items/slider-images/6abcbfaadc829.jpg","Pack:500g=2.79:28 | Pack:1kg=5.16:28 | Pack:2kg=9.77:29",,,1,"Crisp green beans selected for fresh, flavorful everyday meals.","Crisp green beans selected for fresh, flavorful everyday meals. Carefully selected for freshness and quality, making it a convenient choice for everyday grocery shopping.","green beans, vegetables, fresh grocery","Buy green beans online with fresh grocery delivery and convenient pack-size variants."
physical,"Green Broccoli",Vegetables,"Fresh Vegetables",3.49,3.99,70,GRE-BRO-006,https://launchshop.nooryak.in/assets/front/img/user/items/thumbnail/6abcbfaad5537.webp,"https://launchshop.nooryak.in/assets/front/img/user/items/slider-images/6abcbfaad6585.jpg,https://launchshop.nooryak.in/assets/front/img/user/items/slider-images/6abcbfaad68df.jpg,https://launchshop.nooryak.in/assets/front/img/user/items/slider-images/6abcbfaad6bb8.jpg","Pack:500g=3.49:23 | Pack:1kg=6.46:23 | Pack:2kg=12.21:24",,,1,"Fresh green broccoli florets with a firm texture for steaming, roasting, and stir-frying.","Fresh green broccoli florets with a firm texture for steaming, roasting, and stir-frying. Carefully selected for freshness and quality, making it a convenient choice for everyday grocery shopping.","broccoli, green vegetables, fresh produce","Buy green broccoli online with fresh grocery delivery and convenient pack-size variants."
physical,"Fresh Cucumber",Vegetables,"Fresh Vegetables",1.69,1.99,100,SKU-205566,https://launchshop.nooryak.in/assets/front/img/user/items/thumbnail/6abcbfaacfcb3.webp,"https://launchshop.nooryak.in/assets/front/img/user/items/slider-images/6abcbfaad0c6b.jpg,https://launchshop.nooryak.in/assets/front/img/user/items/slider-images/6abcbfaad0f85.jpg,https://launchshop.nooryak.in/assets/front/img/user/items/slider-images/6abcbfaad11c0.jpg","Pack:500g=1.69:33 | Pack:1kg=3.13:33 | Pack:2kg=5.92:34",,,1,"Cool and crisp cucumbers, great for salads, sandwiches, raita, and juices.","Cool and crisp cucumbers, great for salads, sandwiches, raita, and juices. Carefully selected for freshness and quality, making it a convenient choice for everyday grocery shopping.","cucumber, fresh vegetables, salad, grocery","Buy fresh cucumber online with fresh grocery delivery and convenient pack-size variants."
physical,"Fresh Carrot",Vegetables,"Root Vegetables",1.99,2.39,110,FRE-CAR-004,https://launchshop.nooryak.in/assets/front/img/user/items/thumbnail/6abcbfaacaa73.webp,"https://launchshop.nooryak.in/assets/front/img/user/items/slider-images/6abcbfaacba11.jpg,https://launchshop.nooryak.in/assets/front/img/user/items/slider-images/6abcbfaacbd1e.jpg,https://launchshop.nooryak.in/assets/front/img/user/items/slider-images/6abcbfaacbf0e.jpg","Pack:500g=1.99:36 | Pack:1kg=3.68:36 | Pack:2kg=6.96:38",,,1,"Crunchy fresh carrots packed for convenient everyday cooking and snacking.","Crunchy fresh carrots packed for convenient everyday cooking and snacking. Carefully selected for freshness and quality, making it a convenient choice for everyday grocery shopping.","carrot, fresh vegetables, root vegetables","Buy fresh carrot online with fresh grocery delivery and convenient pack-size variants."
physical,"Green Capsicum",Vegetables,"Fresh Vegetables",2.29,2.69,90,GRE-CAP-003,https://launchshop.nooryak.in/assets/front/img/user/items/thumbnail/6abcbfaac58ef.webp,"https://launchshop.nooryak.in/assets/front/img/user/items/slider-images/6abcbfaac697e.jpg,https://launchshop.nooryak.in/assets/front/img/user/items/slider-images/6abcbfaac6c61.jpg,https://launchshop.nooryak.in/assets/front/img/user/items/slider-images/6abcbfaac6eef.jpg","Pack:500g=2.29:30 | Pack:1kg=4.24:29 | Pack:2kg=8.02:30",,,1,"Crisp green capsicum for stir-fries, pizzas, salads, and everyday cooking.","Crisp green capsicum for stir-fries, pizzas, salads, and everyday cooking. Carefully selected for freshness and quality, making it a convenient choice for everyday grocery shopping.","green capsicum, bell pepper, vegetables, grocery","Buy green capsicum online with fresh grocery delivery and convenient pack-size variants."
physical,"Fresh Potato",Vegetables,"Root Vegetables",1.79,2.19,120,FRE-POT-002,https://launchshop.nooryak.in/assets/front/img/user/items/thumbnail/6abcbfaabfb09.webp,"https://launchshop.nooryak.in/assets/front/img/user/items/slider-images/6abcbfaac0c97.jpg,https://launchshop.nooryak.in/assets/front/img/user/items/slider-images/6abcbfaac1002.jpg,https://launchshop.nooryak.in/assets/front/img/user/items/slider-images/6abcbfaac11bd.jpg","Pack:500g=1.79:40 | Pack:1kg=3.31:40 | Pack:2kg=6.27:40",,,1,"Farm-fresh potatoes with a firm texture, perfect for fries, curries, roasting, and mashing.","Farm-fresh potatoes with a firm texture, perfect for fries, curries, roasting, and mashing. Carefully selected for freshness and quality, making it a convenient choice for everyday grocery shopping.","potato, fresh vegetables, root vegetables, grocery","Buy fresh potato online with fresh grocery delivery and convenient pack-size variants."
physical,"Organic Tomato",Vegetables,"Leafy & Fresh Vegetables",2.49,2.99,80,ORG-TOM-001,https://launchshop.nooryak.in/assets/front/img/user/items/thumbnail/6abcbfaaba5cd.webp,"https://launchshop.nooryak.in/assets/front/img/user/items/slider-images/6abcbfaabb7bd.jpg,https://launchshop.nooryak.in/assets/front/img/user/items/slider-images/6abcbfaabbad5.jpg,https://launchshop.nooryak.in/assets/front/img/user/items/slider-images/6abcbfaabbcdf.jpg","Pack:500g=2.49:26 | Pack:1kg=4.61:26 | Pack:2kg=8.71:28",,,1,"Fresh organic tomatoes, naturally ripened and ideal for salads, curries, and sauces.","Fresh organic tomatoes, naturally ripened and ideal for salads, curries, and sauces. Carefully selected for freshness and quality, making it a convenient choice for everyday grocery shopping.","organic tomato, fresh tomato, vegetables, grocery","Buy organic tomato online with fresh grocery delivery and convenient pack-size variants."
physical,,,,1.69,1.99,100,FRE-CUC-005,https://launchshop.nooryak.in/assets/front/img/user/items/thumbnail/6abcbfaab69c5.webp,https://launchshop.nooryak.in/assets/front/img/user/items/slider-images/6abcbfaab7c69.jpg,,,,1,,,,
